First Name,Last Name,Type,age
Lindsey,Moulden,M,20
Marcel,Herrell,M,18
Emmett,Agron,M,21
Elbert,Harber,M,19
Darwin,Desanti,M,22
Ellis,Mccusker,M,25
Amado,Danziger,M,25
Clarence,Drum,M,79
Chadwick,Faddis,M,24
Lucien,Moffett,M,25
Victor,Longino,M,18
Cody,Crete,M,21
Jere,Desiderio,M,21
Darrin,Fabre,M,27
Donnie,Berthold,M,19
Colby,Dimitri,M,18
Jarrod,Knecht,M,21
Leif,Moss,M,17
Rudolph,Solari,M,23
Ivory,Covarrubias,M,17
Anibal,Prettyman,M,18
Randy,Urbanek,M,22
Cortez,Araki,M,21
Nestor,Helms,M,23
Billie,Leib,M,20
Ruben,Ryce,M,19
Evan,Ratliff,M,18
Val,Salem,M,22
Normand,Mosely,M,21
Gustavo,Gerdes,M,19
Maximo,Soper,M,17
Rob,Abril,M,20
Burt,Deckard,M,18
Garland,Norby,M,26
Tobias,Shepard,M,30
Rafael,Spring,M,17
Alfredo,Petz,M,22
Jarvis,Sjoberg,M,25
Brice,Zucco,M,19
Kurt,Vogl,M,27
Keith,Predmore,M,21
Jess,Richie,M,22
Grant,Levins,M,22
Jerrell,Hatfield,M,19
Lucas,Haberkorn,M,20
Irving,Combest,M,20
Graham,Buttery,M,18
Kerry,Provost,M,19
Loyd,Akana,M,21
Lonnie,Rayford,M,19
Lindsey,Moulden,M,20
Marcel,Herrell,M,20
Emmett,Agron,M,19
Elbert,Harber,M,22
Darwin,Desanti,M,16
Ellis,Mccusker,M,21
Amado,Danziger,M,19
Clarence,Drum,M,25
Chadwick,Faddis,M,20
Lucien,Moffett,M,20
Victor,Longino,M,21
Cody,Crete,M,19
Jere,Desiderio,M,17
Darrin,Fabre,M,29
Donnie,Berthold,M,19
Colby,Dimitri,M,18
Jarrod,Knecht,M,24
Leif,Moss,M,24
Rudolph,Solari,M,20
Ivory,Covarrubias,M,18
Anibal,Prettyman,M,21
Randy,Urbanek,M,21
Cortez,Araki,M,21
Nestor,Helms,M,24
Billie,Leib,M,20
Ruben,Ryce,M,19
Evan,Ratliff,M,21
Val,Salem,M,23
Normand,Mosely,M,18
Gustavo,Gerdes,M,18
Maximo,Soper,M,19
Rob,Abril,M,22
Burt,Deckard,M,23
Garland,Norby,M,19
Tobias,Shepard,M,17
Rafael,Spring,M,21
Alfredo,Petz,M,19
Jarvis,Sjoberg,M,21
Brice,Zucco,M,19
Kurt,Vogl,M,28
Keith,Predmore,M,21
Jess,Richie,M,21
Grant,Levins,M,18
Jerrell,Hatfield,M,22
Lucas,Haberkorn,M,25
Irving,Combest,M,22
Graham,Buttery,M,20
Kerry,Provost,M,20
Loyd,Akana,M,21
Lonnie,Rayford,M,22
Johnsie,Accardo,F,18
Deon,Tookes,M,20
Tempie,Tacey,F,42
Justine,Clausen,F,21
Zaida,Picha,F,22
Noma,Stobaugh,F,21
Erlinda,Hathcock,F,20
Merna,Trojan,F,16
Kristie,Laurent,F,19
Leslie,Sanford,M,19
Shawnda,Laver,F,19
Nicola,Scriber,F,19
Alease,Porcaro,F,27
Marlena,Peguero,F,23
Iona,Lira,F,20
Kymberly,Konecny,F,21
Yan,Rolan,F,19
Catina,Sierra,F,22
Thanh,Pedrick,M,22
Cecille,Session,F,18
Shayna,Mericle,F,19
Julee,Hoerner,F,18
Brant,Sahr,M,19
Inge,Bibbs,F,63
Nereida,Paules,F,21
Wendell,Regner,M,22
Ahmed,Ngo,M,23
Johnetta,Bielecki,F,18
Lavona,Chacon,F,25
Laurine,Lundell,F,21
Edwardo,Smalling,M,19
Vina,Apel,F,16
Allyson,Gearheart,F,20
Myrtie,Bove,F,26
Melissa,Wendler,F,38
Fumiko,Garvey,F,18
Jacalyn,Sublett,F,18
Celsa,Fesler,F,27
Laveta,Slovinsky,F,19
Blythe,Uhler,F,26
Fausto,Steib,M,20
Georgetta,Hallman,F,18
Genia,Brescia,F,21
Emery,Wattenbarger,M,43
Edna,Tillmon,F,22
Randolph,Nottingham,M,25
Candance,Goodspeed,F,17
Yuko,Grindle,F,18
Randee,Marrow,F,22
Christal,Barcelo,F,19
Jane,Washington,F,20
Leonard,Gagliardi,M,35
Emily,Dix,F,24
Herma,Kays,F,21
Alden,Lawhorn,M,21
Gianna,Sutcliffe,F,19
Bulah,Saulters,F,17
Foster,Haggett,M,23
Avelina,Carmona,F,20
Soledad,Brinkman,F,23
Janyce,Furtado,F,22
Lue,Wines,F,21
Belkis,Leber,F,25
Francisca,Morning,F,49
Mui,Burwell,F,18
Charlotte,Hoffman,F,16
Melina,Dimartino,F,23
Miquel,Moise,M,20
Peter,Foxwell,M,21
Vella,Doster,F,21
Kirsten,Rankin,F,23
Mica,Beams,F,21
Harris,Concepcion,M,19
Whitley,Redmon,F,50
Romelia,Norden,F,21
Eilene,Rizer,F,23
Elna,Rochin,F,19
Luigi,Chess,M,21
Melonie,Ehrlich,F,24
Mose,Capozzoli,M,18
Herb,Hyde,M,20
Arvilla,Hinch,F,20
Alesha,Ettinger,F,18
Kellie,Oddo,F,22
Lucie,Coker,F,61
Thalia,Vaughan,F,19
Ryan,Lenig,M,25
Carola,Boozer,F,20
Awilda,Ezell,F,18
Willodean,Hosea,F,19
Ammie,Allyn,F,19
Maurita,Toomer,F,24
Jennifer,Lurry,F,21
Lana,Howley,F,23
Louetta,Kibler,F,18
Courtney,Prettyman,M,21
Candice,Giguere,F,20
Gerda,Solley,F,24
Stacie,Ahl,F,24
Johanne,Elser,F,20
Merlene,May,F,21
Celsa,Way,F,18
Tenesha,Tinch,F,19
Hortensia,Berumen,F,20
Tomi,Spina,F,24
Saundra,Bradsher,F,18
Anh,Baur,F,27
Patrina,Maggio,F,18
Theda,Bourbeau,F,24
Carlene,Senko,F,21
Alejandrina,Mahaffey,F,17
Nettie,Stolz,F,21
Marin,Ohair,F,22
Cecile,Kothari,F,25
Kristal,Haswell,F,20
Albina,Westrick,F,19
Waldo,Cross,M,19
Vickie,Deaton,F,20
Lashandra,Losey,F,21
Na,Rollinson,F,22
Casie,Marmon,F,20
Lucinda,Bequette,F,22
Ignacio,Vanguilder,M,22
Alyse,Wolfe,F,19
Delcie,Bare,F,18
Damion,Gilland,M,28
Raul,Vong,M,21
Keesha,Clayborne,F,21
Hyo,Brouillard,F,23
Theresia,Cleland,F,20
Rima,Isom,F,18
Shemeka,Unzueta,F,26
Lynell,Puma,F,21
Sulema,Vallance,F,19
Efrain,Cienfuegos,M,22
Ashanti,Vantassell,F,19
Marilyn,Darrigo,F,18
Tamie,Swarthout,F,25
Margo,Burbridge,F,18
Shondra,Mance,F,22
Doria,Gile,F,23
Johnette,Hofmeister,F,19
Floria,Cabot,F,20
Tamiko,Vogl,F,21
August,Nakasone,M,25
Mozella,Tilford,F,22
Cassondra,Linthicum,F,19
Gonzalo,Woodbury,M,24
Delphia,Carroway,F,27
Janell,Dimaio,F,20
Diann,Gochenour,F,99
Indira,Citizen,F,18
Virgil,Budge,M,23
Avery,Cherry,M,21
Oda,Freeland,F,25
Arlena,Augustyn,F,18
Lakesha,Cartee,F,23
Clair,Shiflett,M,17
Renato,Bosserman,M,20
Chrystal,Stepp,F,20
Shelli,Favreau,F,19
Racheal,Silveria,F,23
Yajaira,Gannon,F,26
Emmett,Hamel,M,20
Joseph,Dahlquist,M,23
Renate,Taing,F,19
Winston,Hee,M,22
Dakota,Warkentin,F,21
Elana,Cottingham,F,19
Stuart,Rines,M,20
Erasmo,Schuetz,M,48
Adrien,Race,F,20
Maryrose,Atterbury,F,21
Katherina,Hocker,F,25
Guy,Czapla,M,18
Carly,Carstarphen,F,25
Theodore,Rehkop,M,18
Grisel,Breece,F,18
Jodee,Legg,F,19
Orpha,Ricken,F,19
Theresa,Craighead,F,98
Dion,Delossantos,M,22
Jennifer,Bailey,F,19
Dorian,Jacoby,M,20
Sherill,Mizrahi,F,24
Eugenia,Scharff,F,18
Beula,Dobson,F,22
Lezlie,Anastasio,F,18
Jonna,Mcquire,F,20
Alberto,Tibbles,M,18
Edie,Gentry,F,18
Tiffiny,Lowrey,F,20
Mitchell,Delosh,M,20
Rey,Glazer,M,20
Mandy,Bettinger,F,18
Phil,Ursery,M,24
Jamila,Kintner,F,24
Regan,Palos,F,22
Reynaldo,Roan,M,66
Ahmed,Mcculloch,M,19
Matilda,Mathisen,F,49
Salome,Lukasik,F,24
Rachel,Freshwater,F,21
Nelia,Rousseau,F,19
Corina,Parras,F,20
Krystyna,Kupiec,F,21
Millard,Gillenwater,M,25
Antony,Warne,M,19
Aleisha,Lacasse,F,19
Sook,Herman,F,17
Bianca,Clifton,F,94
Reed,Mortellaro,M,21
Izola,Lovejoy,F,18
Blake,Sauter,M,23
Renaldo,Akana,M,23
Lane,Orear,M,25
Carolynn,Amar,F,18
Willa,Eley,F,18
Zandra,Parisi,F,22
Tisa,Millet,F,93
Rhett,Dimaio,M,16
Jacqualine,Trew,F,17
Kenyetta,Snellgrove,F,24
Forest,Fichter,M,70
Vernetta,Stotts,F,27
Dolly,Lust,F,20
Mayola,Panos,F,53
Ignacia,Saidi,F,20
Jarvis,Losh,M,19
Pierre,Garand,M,19
Dotty,Dubberly,F,21
Tamika,Ceniceros,F,20
Talia,Shemwell,F,23
Dakota,Leveque,F,24
Lise,Earnhardt,F,21
Danna,Scalzo,F,19
Winnifred,Cadorette,F,39
Leena,Seel,F,17
Mendy,Gau,F,19
Elana,Meas,F,21
Cristal,Cardinale,F,22
Haley,Mcsweeney,F,19
Rossie,Emerick,F,23
Melvina,Rennick,F,23
Mireya,Precourt,F,24
Blossom,Fujiwara,F,23
Austin,Triano,M,20
Louetta,Fried,F,78
Belle,Boelter,F,23
Sang,Fergerson,M,20
Brandee,Cortina,F,21
Tammi,Gebo,F,24
Tennille,Martucci,F,19
Rikki,Mascorro,F,26
Alida,Hoefle,F,22
Kenisha,Rosemond,F,21
Cortez,Hester,M,20
Candance,Pelzer,F,20
Lauretta,Umstead,F,31
Andreas,Wildman,M,24
Makeda,Danner,F,20
Melodee,Dew,F,21
Ghislaine,Ludlum,F,18
Lanelle,Champion,F,19
Rashida,Laconte,F,18
Providencia,Roca,F,62
Melvin,Kaczmarek,M,17
Richie,Weisel,M,19
Myrtie,Leonard,F,18
Ula,Steere,F,22
Elda,Foard,F,25
Pamela,Samms,F,18
Larisa,Roger,F,61
Dustin,Bourdeau,M,97
Amparo,Bankes,F,17
Anne,Derrickson,F,19
Mckinley,Katzer,M,22
Rachal,Piekarski,F,21
Casie,Gillingham,F,19
Fiona,Molloy,F,20
Rachell,Rigney,F,33
Maris,Colangelo,F,20
Lashaunda,Bodie,F,18
Giselle,Uzzle,F,22
Zachery,Sable,M,19
Magaly,Tedder,F,22
Helaine,Halligan,F,99
Lorena,Alkire,F,21
Jackelyn,Woodcock,F,22
Keitha,Rosenquist,F,30
Lucinda,Wallick,F,17
Earle,Aliff,M,21
Emilio,Dimaio,M,18
Denese,Bucko,F,24
Monte,Kittleson,M,38
Suanne,Troiano,F,42
Fannie,Geyer,F,16
Synthia,Wannamaker,F,19
Ruthie,Shinault,F,20
Nick,Langevin,M,20
Precious,Kroll,F,18
Major,Cowger,M,22
Shonta,Brosnahan,F,20
Peter,Fisler,M,51
Madeline,Abshire,F,96
Leonardo,Mesta,M,20
Estrella,Slama,F,20
Gema,Hubler,F,19
Hermine,Cato,F,21
Stephan,Brittingham,M,20
Adrianne,Laskey,F,18
Margot,Schaner,F,22
Shelli,Korte,F,24
Misti,Tully,F,23
Rogelio,Terwilliger,M,20
Shelton,Brunswick,M,18
Ilona,Then,F,21
Johnna,Forney,F,20
Candi,Ropp,F,18
Clemencia,Dehaven,F,23
Elvera,Cargo,F,19
Emelina,Antone,F,22
Idalia,Shadwick,F,27
Florentino,Macdonnell,M,23
Gerry,Dahle,M,20
Elmer,Honeycutt,M,22
Cora,Baranowski,F,22
Vannessa,Pontious,F,19
Martha,Boulter,F,20
Renea,Sly,F,20
Carmelina,Xie,F,18
Aurelia,Howarth,F,19
Marjory,Dorrough,F,21
Lavon,Willhite,F,19
Jenelle,Shipton,F,20
Talisha,Nakano,F,21
Giovanna,Mcgrail,F,21
Beata,Petrick,F,17
Porfirio,Nowicki,M,30
Delta,Welden,F,22
Georgann,Steenberg,F,18
Shonna,Clukey,F,24
Van,Pardini,M,54
Rex,Edney,M,18
Vivan,Grumbles,F,22
Kimber,Mitzel,F,18
Marybeth,Janis,F,23
Floyd,Chambers,M,27
Corinne,Shiflett,F,21
Delma,Zhu,F,16
Reva,Marinaro,F,18
Frances,Spann,M,19
Leta,Rothman,F,20
Wilber,Kromer,M,24
Herta,Manger,F,20
Robena,Lundgreen,F,21
Ayesha,Audie,F,23
Shawn,Shealey,M,22
Fernanda,Ries,F,21
Angelic,Corpuz,F,21
Emilie,Monge,F,22
Isreal,Leber,M,21
Malissa,Chatman,F,18
Awilda,Monte,F,21
Estela,Grandberry,F,19
May,Meader,F,20
Hugh,Beachum,M,22
Randal,Bracy,M,56
Bernardina,Kenley,F,19
Tayna,Israel,F,21
Marta,Tejera,F,75
Soon,Delisle,F,21
Era,Autry,F,23
Lacey,Eller,F,24
Corrine,Ruth,F,18
Kiera,Leininger,F,20
Juana,Lambson,F,19
Shela,Pursell,F,51
Isidra,Romero,F,18
Laraine,Neiman,F,21
Ngan,Harkleroad,F,21
Marci,Rumfelt,F,21
Isaura,Harnage,F,33
Giuseppe,Quesinberry,M,26
Lashaun,Larocca,F,21
Letitia,Mosher,F,19
Denice,Pedersen,F,25
Pearline,Hillier,F,19
Christene,Vang,F,18
Charisse,Sloop,F,20
Candis,Suggs,F,18
Vaughn,Adelson,M,23
Christel,Lechler,F,21
Olive,Scheffer,F,20
Giselle,Velasques,F,20
Autumn,Franzen,F,21
Berniece,Rizzi,F,18
Elden,Sagar,M,34
Kayleen,Redfearn,F,20
Etsuko,Petties,F,23
Magda,Hamblin,F,22
Alphonso,Battey,M,18
Ivory,Tourville,M,19
Tom,Nims,M,22
Toccara,Hartshorn,F,19
Jeffie,Swayne,F,19
Celeste,Roff,F,22
Jamika,Casady,F,41
Kenisha,Latorre,F,23
Boris,Garret,M,85
Caryn,Lobdell,F,29
Cynthia,Zeringue,F,23
Charisse,Nieto,F,23
Tempie,Botsford,F,23
Ai,Barboza,F,19
Candra,Whittle,F,33
Annie,Vanvliet,F,17
Violet,Higginbotham,F,23
Melodi,Stilts,F,19
Magdalena,Lavelle,F,18
Joetta,Polanco,F,26
Genevive,Pipkin,F,21
Regenia,Basler,F,19
Marlen,Teske,F,19
Roderick,Foxx,M,18
Elenore,Boatwright,F,19
Sandra,Sam,F,34
Shiloh,Varnadoe,F,25
Larue,Sheehan,F,18
Nia,Profit,F,21
Miyoko,Craghead,F,21
Rosamond,Trosper,F,27
Lynda,Sartin,F,19
Kary,Marse,F,18
Lizzette,Summerall,F,18
Marvis,Schwartzkopf,F,20
Maud,Dendy,F,19
Yessenia,Pollard,F,25
Jenine,Opitz,F,18
Yoko,Orourke,F,28
Lisha,Pham,F,22
Merlyn,Jowett,F,25
Kimberly,Wolters,F,20
Joselyn,Smithson,F,18
Doreatha,Remmers,F,21
Anna,Mcgann,F,20
Manuela,Shomo,F,24
Roseann,Locklear,F,25
Leilani,Wain,F,22
Janean,Shufelt,F,23
Maud,Steffey,F,19
Benton,Plain,M,21
Jules,Banvelos,M,45
Sharyl,Stoute,F,24
Barbara,Forkey,F,23
Ronny,Stone,M,21
Booker,Eisen,M,22
Myles,Mcdade,M,26
Argelia,Crissman,F,98
Shonda,Koon,F,94
Chung,Holguin,M,22
Jarod,Jones,M,62
Alverta,Portis,F,23
Lorena,Tift,F,20
Adrienne,Teague,F,19
Billi,Matsunaga,F,18
Chelsie,Judy,F,22
Jodie,Robbs,F,18
Cassie,Mccluskey,F,22
Shyla,Lawing,F,20
Lulu,Penniman,F,26
Vernita,Janssen,F,18
Wenona,Commons,F,21
Angelita,Morita,F,18
Blondell,Coplan,F,18
Forest,Hastings,M,18
Mariella,Rakes,F,20
Jenette,Nick,F,24
Maire,Lipps,F,88
Gearldine,Happel,F,18
Kaye,Poblete,F,26
Argentina,Ronning,F,19
Haywood,Millette,M,23
Russ,Maker,M,22
Towanda,Shortt,F,20
Charity,Kinnaird,F,25
Reiko,Rossbach,F,22
Zulema,Gizzi,F,19
Janina,Ransdell,F,20
Adelaida,Hosey,F,26
Ciera,Dwight,F,22
Tashina,Sater,F,80
Reynaldo,Harned,M,22
Tad,Almquist,M,17
Lorene,Blessing,F,16
Kimbra,Kaczynski,F,17
Lavada,Frum,F,23
Trina,Victoria,F,22
Willette,Heidler,F,20
Edith,Hutchison,F,22
Erwin,Milazzo,M,21
Palmer,Sisk,M,23
Hoyt,Booher,M,21
Lionel,Faver,M,18
Wm,Carpio,M,23
Luke,Lebo,M,17
Keenan,Hendershot,M,23
Ahmed,Stanford,M,19
Julian,Maglione,M,23
Dick,Apperson,M,47
Laverne,Molden,M,23
Beau,Galeano,M,21
Brent,Tillett,M,22
Jamel,Sturgill,M,19
Rayford,Schooley,M,22
Oscar,Leppert,M,24
Sol,Mattei,M,23
Kristofer,Streich,M,30
Trey,Burbank,M,18
Denny,Lyall,M,60
Alonso,Duhaime,M,18
Adolph,Halls,M,27
Olin,Redner,M,21
Burt,Stamp,M,21
Orville,Hylton,M,21
Jeffry,Eckhardt,M,22
Ted,Cannata,M,20
Jordon,Alberty,M,21
Elmo,Moriarty,M,22
Lazaro,Bentler,M,18
Roberto,Wainwright,M,19
Miles,Hand,M,20
Landon,Tiano,M,19
Seymour,Lukach,M,25
Augustine,Thomson,M,20
Frankie,Sones,M,22
Alex,Wethington,M,22
Moshe,Kary,M,21
Lanny,Sain,M,16
Orlando,Norris,M,19
Seth,Connolly,M,22
Thaddeus,Rather,M,20
Gaston,Buono,M,22
Monty,Monsivais,M,19
Boyce,Templin,M,20
Raymond,Wilkenson,M,25
Jamal,Biggers,M,21
Numbers,Gilstrap,M,22
Reyes,Geist,M,25
Desmond,Millikin,M,26
Humberto,Cirillo,M,23
Jorge,Meacham,M,34
Herman,Mcdermott,M,21
Arnold,Urena,M,23
Elmer,Boyers,M,18
Emmitt,Swords,M,20
Emanuel,Halle,M,22
Odis,Jordon,M,26
Grady,Baisden,M,88
Delmer,Robinson,M,22
Randolph,Devaul,M,22
Joaquin,Stetler,M,19
Wilton,Irick,M,99
Kermit,Paulk,M,22
Gerardo,Facio,M,20
Michale,Ronco,M,23
Maxwell,Bang,M,24
Charlie,Torrey,M,20
Curtis,Vanduyne,M,19
Titus,Minier,M,25
Ahmad,Gordon,M,23
Reuben,Lindquist,M,39
Alex,Peplinski,M,51
Foster,Mcclinton,M,82
Dwayne,Lund,M,19
Alvaro,Woolery,M,19
Leigh,Neveu,M,20
Antonia,Muldowney,M,20
Gus,Sadowski,M,20
Erasmo,Stender,M,24
Patricia,Mansur,M,21
Jayson,Bibbins,M,23
Kristopher,Ellender,M,20
Jae,Noga,M,20
Berry,Caraballo,M,17
Barry,Moulder,M,22
Cyrus,Xavier,M,19
Eliseo,Lablanc,M,23
Thanh,Fleckenstein,M,20
Armando,Orloff,M,42
Davis,Swofford,M,24
Alden,Seedorf,M,21
Daren,Rodgers,M,18
Fernando,Dance,M,94
Maurice,Hyslop,M,20
Roscoe,Godbey,M,19
Dan,Crow,M,20
Dante,Sommers,M,19
Robt,Holness,M,23
Scott,Drost,M,24
Sharita,Cregan,F,22
Deloise,Nolasco,F,25
Elodia,Cornish,F,19
Jesse,Gorka,M,20
Towanda,Onstad,F,21
Rex,Gerner,M,17
Mariann,Pellerin,F,19
Tambra,Bunting,F,21
Debrah,Hillen,F,19
Ranee,Gagnon,F,22
Clarence,Burrill,M,20
Bernardo,Darrigo,M,19
Chanda,Bicknell,F,19
Elouise,Guo,F,18
Candra,Gastelum,F,33
Love,Kyllonen,F,22
Hai,Debow,M,20
Faustina,Whelan,F,21
Amparo,Cordero,F,21
Faustino,Cordoba,M,88
Amal,Depue,F,20
Karon,Ugarte,F,22
Alva,Navarrete,M,17
Meredith,Pelchat,F,20
Zada,Moench,F,96
Arden,Naumann,M,18
Anneliese,Flicker,F,18
Woodrow,Purifoy,M,22
Doris,Holzman,F,18
Eilene,Milford,F,24
Kristan,Ahmad,F,23
Deshawn,Marrufo,M,18
Yan,Heindel,F,21
Darci,Gervais,F,23
Trinity,Wiggins,F,19
Irina,Harmer,F,22
Giselle,Bornstein,F,20
Arline,Crepeau,F,19
Roselyn,Aumiller,F,18
Mohammed,Garlick,M,21
Gilberte,Maisonet,F,22
Chanell,Poquette,F,20
Clair,Parm,M,22
Deane,Pokorny,F,25
Esta,Bondi,F,81
Doria,Raines,F,23
Jeromy,Cerezo,M,21
Gladis,Massengale,F,30
Marget,Cunniff,F,18
Arthur,Brwon,M,20
Leopoldo,Jent,M,23
Eddie,Grossi,M,20
Wade,Schranz,M,23
Seth,Lombardi,M,21
Norbert,Flach,M,18
Dexter,Demuth,M,20
Gale,Opp,M,23
Morris,Hudgens,M,18
Darin,Bashaw,M,20
Jared,Swayze,M,25
Royal,Alejo,M,83
Stacy,Secor,M,20
Kory,Quintero,M,18
Donte,Schnieders,M,21
Kirk,Reichling,M,20
Blaine,Swanner,M,25
Harry,Loring,M,20
Stuart,Breuer,M,24
Major,Purinton,M,21
Javier,Carstensen,M,22
Alfred,Licari,M,19
Richard,Stilts,M,21
Boyce,Norden,M,22
Fredrick,Soileau,M,21
Arlen,Fukushima,M,26
Shane,Schilling,M,20
Noe,Benzing,M,25
Forrest,Helgren,M,16
Doug,Bonner,M,92
Damon,Wootton,M,19
Julius,Unruh,M,26
Isiah,Foos,M,18
Shad,Galyon,M,20
Theo,Peper,M,26
Cornell,Sexson,M,22
Abdul,Delaney,M,19
Luke,Tolle,M,23
Carmen,Monsour,M,21
Brandon,Cornette,M,19
Mervin,Ashmore,M,17
Jordan,Neider,M,24
Franklyn,Sheehy,M,70
Osvaldo,Dannenberg,M,22
Alva,Corle,M,21
Jonah,Wetter,M,20
Coleman,Kells,M,21
Xavier,Zellner,M,18
Darron,Bolte,M,21
Emilio,Whetzel,M,20
Brendan,Kowal,M,25
Kraig,Docherty,M,22
Robert,Wescott,M,21
Genny,Stoodley,F,25
Reuben,Dishon,M,18
Kristofer,Ouimet,M,19
Hannelore,Adair,F,37
Roland,Marino,M,63
Avelina,Milan,F,19
Florentino,Criss,M,19
Shelley,Most,F,26
Joanie,Moser,F,18
Lydia,Shamburger,F,49
Randell,Walborn,M,21
Sally,Papineau,F,82
Leone,Crabtree,F,19
Emmett,Parrino,M,25
Dorathy,Edmondson,F,18
Dorsey,Melancon,M,23
Rachal,Stern,F,21
Ellyn,Jumper,F,19
Alec,Rybak,M,22
Margarito,Dula,M,23
Regan,Trickett,F,20
Emerson,Blandon,M,45
Retha,Favors,F,20
Dan,Blackmore,M,25
Suzy,Larrison,F,19
Raleigh,Francese,M,19
Mariella,Mclain,F,20
Lupita,Martello,F,18
Nicol,Stallone,F,20
Thuy,Mondy,F,87
Odelia,Hodder,F,20
Maggie,Lorraine,F,22
Luna,Billington,F,61
Jeffrey,Laracuente,M,21
Dustin,Banfield,M,21
Miriam,Kilgo,F,19
Mallory,Scoggin,F,16
Matilde,Patricia,F,19
Piedad,Whitelow,F,21
Leana,Quick,F,23
Emmanuel,Hoye,M,23
Lavenia,Sparacino,F,20
Tequila,Hackett,F,21
Rikki,Borda,F,21
Robena,Niemann,F,19
Diedre,Livsey,F,22
Cristy,Coldren,F,19
Layne,Owenby,F,18
Vernice,Lichty,F,23
Fausto,Leist,M,25
Violette,Blanc,F,17
Cyrstal,Volz,F,22
Leota,Jezierski,F,21
Vertie,Darrah,F,19
Theron,Kettering,M,16
Rosann,Hinman,F,17
Jennell,Kirkbride,F,18
Kami,Doerr,F,19
Louisa,Barth,F,28
Marie,Ruano,F,20
Marcella,Arguelles,F,18
Gala,Vahle,F,19
Charity,Mulholland,F,23
Reena,Moulden,F,66
Isreal,Wakeland,M,19
Bernice,Bahena,F,21
Ivonne,Wahlstrom,F,20
Adriane,Griner,F,20
Taunya,Paulus,F,22
Aldo,Gillard,M,25
Kum,Miron,F,21
Delora,Surface,F,22
Daniell,Colyer,F,22
Brande,Trimmer,F,20
Reuben,Lemaster,M,21
Chet,Oleson,M,25
Irwin,Hamburg,M,20
Tama,Vanleer,F,21
Felice,Hott,F,20
Holli,Noonkester,F,17
Roselee,Mortensen,F,21
Zoraida,Thakkar,F,24
Matthew,Linquist,M,19
Valentine,Fleckenstein,M,19
Patria,Dejarnette,F,18
Craig,Newland,M,20
Beryl,Mailloux,F,18
Venessa,Blakeslee,F,22
Dian,Harless,F,18
Venus,Buscemi,F,21
Liberty,Kloss,F,81
Krystin,Zukowski,F,24
Myrle,Mang,F,23
Annette,Weed,F,21
Lavone,Falk,F,23
Samatha,Ward,F,23
Loura,Lampkin,F,21
Adriana,Ulrich,F,42
Seth,Kephart,M,19
Harlan,Weatherspoon,M,74
Efren,Parras,M,23
Hiram,Cusson,M,18
Huey,Dickman,M,19
Vince,Whobrey,M,21
Markus,Richins,M,19
Alphonse,Glidewell,M,23
Mitchel,Salyards,M,21
Michel,Tarkington,M,23
Dudley,Wiest,M,23
Whitney,Crisman,M,22
Shaun,Charette,M,20
Elliot,Marcotte,M,18
Herman,Cao,M,35
Aaron,Beveridge,M,20
Leandro,Clink,M,16
Clifton,Degreenia,M,20
Donn,Harshman,M,21
Norman,Marth,M,59
Pierre,Sera,M,20
Damien,Frausto,M,18
Coleman,Richarson,M,23
Terry,Jeanbart,M,25
Gordon,Kinnison,M,22
Rhett,Mcconnaughey,M,18
Buster,Mcnickle,M,19
Terence,Stucker,M,17
Nolan,Donlin,M,16
King,Dock,M,24
Sean,Clune,M,37
Guadalupe,Chenoweth,M,25
Quentin,Sebree,M,32
Terrence,Levering,M,21
Wallace,Bedwell,M,32
Tobias,Thao,M,23
Craig,Puentes,M,21
Bo,Fredrick,M,18
Elliott,Caya,M,26
Keith,Hong,M,21
Fritz,Svendsen,M,21
Josef,Pough,M,52
Pete,Wachter,M,21
Mac,Loberg,M,18
Dirk,Halas,M,20
Grover,Lofton,M,18
Stan,Mickelsen,M,20
Felipe,Culbreath,M,20
Jamal,Cason,M,18
Rogelio,Cheeseman,M,17
Lucien,Mangum,M,54
Delma,Weishaupt,F,18
Wm,Stoecker,M,19
Kelly,Ku,M,22
Eric,Lasala,M,22
Corrine,Lechler,F,90
Nenita,Taliaferro,F,18
Anh,Agosto,F,43
Alanna,Satcher,F,25
Tena,Osterhoudt,F,20
Queenie,Billingsley,F,19
Terri,Coop,F,21
Yvone,Mikelson,F,19
Petrina,Gaylor,F,20
Liliana,Thor,F,21
Pauletta,Trivedi,F,21
Chassidy,Enders,F,22
Drusilla,Neumann,F,20
Alan,Thrall,M,19
Terresa,Klingensmith,F,19
Seth,Gascon,M,25
Neal,Antone,M,24
Bradford,Badgett,M,18
Hanna,Haddon,F,19
Basilia,Alleman,F,24
Karolyn,Willert,F,23
Noriko,Stlaurent,F,21
Alysa,Danielsen,F,21
Amiee,Boisvert,F,23
Margy,Porcelli,F,20
Lurlene,Standridge,F,20
Greta,Denn,F,17
Maurita,Seybold,F,20
Ivette,Cruse,F,18
Vasiliki,Spofford,F,17
Ilse,Sturges,F,19
Richard,Fuselier,M,18
Delila,Colley,F,19
Enola,Mease,F,25
Nella,Hemmingway,F,27
Veola,Lieser,F,22
Josef,Corp,M,24
Carmel,Fludd,F,21
Will,Gidney,M,21
Hildegard,Crosier,F,19
Merilyn,Hewitt,F,18
Deandra,Prescott,F,22
Zelda,Tschanz,F,21
Freeda,Vazquez,F,25
Bryce,Giannini,M,20
